request_id,row_index,actual,observed_at
reference-00-00,0,39.314399108505796,2026-01-09T00:00:00+00:00
reference-00-01,0,68.46981542643135,2026-01-09T00:00:00+00:00
reference-00-02,0,15.031953025737288,2026-01-09T00:00:00+00:00
reference-00-03,0,42.557690042087806,2026-01-09T00:00:00+00:00
reference-00-04,0,41.33485579501226,2026-01-09T00:00:00+00:00
reference-00-05,0,45.167049604927556,2026-01-09T00:00:00+00:00
reference-00-06,0,46.57743210972886,2026-01-09T00:00:00+00:00
reference-00-07,0,19.540460000908986,2026-01-09T00:00:00+00:00
reference-00-08,0,26.041880090456516,2026-01-09T00:00:00+00:00
reference-00-09,0,31.93733283844642,2026-01-09T00:00:00+00:00
reference-00-10,0,34.84963491127603,2026-01-09T00:00:00+00:00
reference-00-11,0,19.391361854538296,2026-01-09T00:00:00+00:00
reference-00-12,0,17.922604681206124,2026-01-09T00:00:00+00:00
reference-00-13,0,62.760231744351664,2026-01-09T00:00:00+00:00
reference-00-14,0,31.120025135842592,2026-01-09T00:00:00+00:00
reference-00-15,0,31.211017783254164,2026-01-09T00:00:00+00:00
reference-00-16,0,35.970294684126756,2026-01-09T00:00:00+00:00
reference-00-17,0,27.82237982683634,2026-01-09T00:00:00+00:00
reference-00-18,0,66.16084668986528,2026-01-09T00:00:00+00:00
reference-00-19,0,32.30171906544013,2026-01-09T00:00:00+00:00
reference-00-20,0,56.329860744098696,2026-01-09T00:00:00+00:00
reference-00-21,0,15.223354615559227,2026-01-09T00:00:00+00:00
reference-00-22,0,32.00155998612423,2026-01-09T00:00:00+00:00
reference-00-23,0,18.77469600692817,2026-01-09T00:00:00+00:00
reference-00-24,0,59.02935933162508,2026-01-09T00:00:00+00:00
reference-00-25,0,45.12346573662046,2026-01-09T00:00:00+00:00
reference-00-26,0,53.621295944885915,2026-01-09T00:00:00+00:00
reference-00-27,0,53.91705800196782,2026-01-09T00:00:00+00:00
reference-00-28,0,49.30577819292668,2026-01-09T00:00:00+00:00
reference-00-29,0,37.43480039764785,2026-01-09T00:00:00+00:00
reference-00-30,0,27.24784296867648,2026-01-09T00:00:00+00:00
reference-00-31,0,10.255711631365154,2026-01-09T00:00:00+00:00
reference-00-32,0,34.324394461800416,2026-01-09T00:00:00+00:00
reference-00-33,0,55.7623334403959,2026-01-09T00:00:00+00:00
reference-00-34,0,44.214838917061186,2026-01-09T00:00:00+00:00
reference-00-35,0,51.439790804576205,2026-01-09T00:00:00+00:00
reference-00-36,0,47.47251619981575,2026-01-09T00:00:00+00:00
reference-00-37,0,49.10948964310522,2026-01-09T00:00:00+00:00
reference-00-38,0,60.53902056277763,2026-01-09T00:00:00+00:00
reference-00-39,0,55.35295364064443,2026-01-09T00:00:00+00:00
reference-01-00,0,26.854139377038848,2026-01-10T00:00:00+00:00
reference-01-01,0,37.87994725589936,2026-01-10T00:00:00+00:00
reference-01-02,0,39.234996843881476,2026-01-10T00:00:00+00:00
reference-01-03,0,42.719883843404716,2026-01-10T00:00:00+00:00
reference-01-04,0,44.90205896654841,2026-01-10T00:00:00+00:00
reference-01-05,0,28.945249842404138,2026-01-10T00:00:00+00:00
reference-01-06,0,22.85499925529493,2026-01-10T00:00:00+00:00
reference-01-07,0,49.53969085187288,2026-01-10T00:00:00+00:00
reference-01-08,0,53.751719746420235,2026-01-10T00:00:00+00:00
reference-01-09,0,40.543608491495036,2026-01-10T00:00:00+00:00
reference-01-10,0,41.70335579813928,2026-01-10T00:00:00+00:00
reference-01-11,0,71.11249151626994,2026-01-10T00:00:00+00:00
reference-01-12,0,39.10388366477508,2026-01-10T00:00:00+00:00
reference-01-13,0,44.725270452371696,2026-01-10T00:00:00+00:00
reference-01-14,0,59.9864268607529,2026-01-10T00:00:00+00:00
reference-01-15,0,69.78223646589939,2026-01-10T00:00:00+00:00
reference-01-16,0,25.89243598418313,2026-01-10T00:00:00+00:00
reference-01-17,0,51.88840730667443,2026-01-10T00:00:00+00:00
reference-01-18,0,62.33663252543001,2026-01-10T00:00:00+00:00
reference-01-19,0,63.127719744870255,2026-01-10T00:00:00+00:00
reference-01-20,0,34.59929767521775,2026-01-10T00:00:00+00:00
reference-01-21,0,52.9359140444808,2026-01-10T00:00:00+00:00
reference-01-22,0,30.014892452350505,2026-01-10T00:00:00+00:00
reference-01-23,0,24.93393276978349,2026-01-10T00:00:00+00:00
reference-01-24,0,38.47186213824598,2026-01-10T00:00:00+00:00
reference-01-25,0,60.21407508731597,2026-01-10T00:00:00+00:00
reference-01-26,0,34.76468406668465,2026-01-10T00:00:00+00:00
reference-01-27,0,23.174052996415835,2026-01-10T00:00:00+00:00
reference-01-28,0,35.556965251360126,2026-01-10T00:00:00+00:00
reference-01-29,0,32.47424141539399,2026-01-10T00:00:00+00:00
reference-01-30,0,33.334838298162545,2026-01-10T00:00:00+00:00
reference-01-31,0,53.672272898205506,2026-01-10T00:00:00+00:00
reference-01-32,0,49.61420636386711,2026-01-10T00:00:00+00:00
reference-01-33,0,37.5543045092439,2026-01-10T00:00:00+00:00
reference-01-34,0,54.39092167665919,2026-01-10T00:00:00+00:00
reference-01-35,0,49.335118253552146,2026-01-10T00:00:00+00:00
reference-01-36,0,43.94981479729618,2026-01-10T00:00:00+00:00
reference-01-37,0,54.085862491193076,2026-01-10T00:00:00+00:00
reference-01-38,0,46.5823975932991,2026-01-10T00:00:00+00:00
reference-01-39,0,49.15389090383488,2026-01-10T00:00:00+00:00
reference-02-00,0,30.60906578575779,2026-01-11T00:00:00+00:00
reference-02-01,0,28.051967296257214,2026-01-11T00:00:00+00:00
reference-02-02,0,31.5511292708762,2026-01-11T00:00:00+00:00
reference-02-03,0,18.420886503175865,2026-01-11T00:00:00+00:00
reference-02-04,0,49.44066894725157,2026-01-11T00:00:00+00:00
reference-02-05,0,43.41755418960843,2026-01-11T00:00:00+00:00
reference-02-06,0,61.50920616365676,2026-01-11T00:00:00+00:00
reference-02-07,0,43.76074983403632,2026-01-11T00:00:00+00:00
reference-02-08,0,71.18683642394174,2026-01-11T00:00:00+00:00
reference-02-09,0,25.95498604356674,2026-01-11T00:00:00+00:00
reference-02-10,0,44.05892339586262,2026-01-11T00:00:00+00:00
reference-02-11,0,21.55564914058074,2026-01-11T00:00:00+00:00
reference-02-12,0,56.6442013269178,2026-01-11T00:00:00+00:00
reference-02-13,0,30.277261242797085,2026-01-11T00:00:00+00:00
reference-02-14,0,12.825442392103948,2026-01-11T00:00:00+00:00
reference-02-15,0,16.606303257505353,2026-01-11T00:00:00+00:00
reference-02-16,0,62.895128392224926,2026-01-11T00:00:00+00:00
reference-02-17,0,18.280209313822475,2026-01-11T00:00:00+00:00
reference-02-18,0,24.005578351635712,2026-01-11T00:00:00+00:00
reference-02-19,0,58.76607090905698,2026-01-11T00:00:00+00:00
reference-02-20,0,58.04197515649108,2026-01-11T00:00:00+00:00
reference-02-21,0,38.02877092631491,2026-01-11T00:00:00+00:00
reference-02-22,0,37.20083741965719,2026-01-11T00:00:00+00:00
reference-02-23,0,25.067169084684437,2026-01-11T00:00:00+00:00
reference-02-24,0,56.52415821933267,2026-01-11T00:00:00+00:00
reference-02-25,0,60.04708384583296,2026-01-11T00:00:00+00:00
reference-02-26,0,23.569158377742983,2026-01-11T00:00:00+00:00
reference-02-27,0,29.53155700154503,2026-01-11T00:00:00+00:00
reference-02-28,0,44.24565924870938,2026-01-11T00:00:00+00:00
reference-02-29,0,27.96341062991427,2026-01-11T00:00:00+00:00
reference-02-30,0,35.087802430035836,2026-01-11T00:00:00+00:00
reference-02-31,0,57.26095518515148,2026-01-11T00:00:00+00:00
reference-02-32,0,32.0775358268987,2026-01-11T00:00:00+00:00
reference-02-33,0,35.53419467656435,2026-01-11T00:00:00+00:00
reference-02-34,0,13.47103330211982,2026-01-11T00:00:00+00:00
reference-02-35,0,24.998821426433008,2026-01-11T00:00:00+00:00
reference-02-36,0,24.57518690978814,2026-01-11T00:00:00+00:00
reference-02-37,0,32.78012834795581,2026-01-11T00:00:00+00:00
reference-02-38,0,30.49675379052592,2026-01-11T00:00:00+00:00
reference-02-39,0,59.096368397074286,2026-01-11T00:00:00+00:00
reference-03-00,0,50.00360477615248,2026-01-12T00:00:00+00:00
reference-03-01,0,23.723097760825485,2026-01-12T00:00:00+00:00
reference-03-02,0,39.47785775666836,2026-01-12T00:00:00+00:00
reference-03-03,0,36.562948822482504,2026-01-12T00:00:00+00:00
reference-03-04,0,34.7221005246626,2026-01-12T00:00:00+00:00
reference-03-05,0,42.21090924616634,2026-01-12T00:00:00+00:00
reference-03-06,0,30.75442720949274,2026-01-12T00:00:00+00:00
reference-03-07,0,22.649931841993745,2026-01-12T00:00:00+00:00
reference-03-08,0,35.39301520056148,2026-01-12T00:00:00+00:00
reference-03-09,0,17.162147906866796,2026-01-12T00:00:00+00:00
reference-03-10,0,31.069078067030805,2026-01-12T00:00:00+00:00
reference-03-11,0,40.985595687655845,2026-01-12T00:00:00+00:00
reference-03-12,0,38.616244250404016,2026-01-12T00:00:00+00:00
reference-03-13,0,56.170141292667836,2026-01-12T00:00:00+00:00
reference-03-14,0,41.41431366405574,2026-01-12T00:00:00+00:00
reference-03-15,0,31.499028627969647,2026-01-12T00:00:00+00:00
reference-03-16,0,13.687489766544616,2026-01-12T00:00:00+00:00
reference-03-17,0,43.76965355283919,2026-01-12T00:00:00+00:00
reference-03-18,0,36.234081610505974,2026-01-12T00:00:00+00:00
reference-03-19,0,36.95526863948057,2026-01-12T00:00:00+00:00
reference-03-20,0,10.192842359927047,2026-01-12T00:00:00+00:00
reference-03-21,0,72.0418079424708,2026-01-12T00:00:00+00:00
reference-03-22,0,35.22023685132014,2026-01-12T00:00:00+00:00
reference-03-23,0,9.351263945530462,2026-01-12T00:00:00+00:00
reference-03-24,0,49.72687265398409,2026-01-12T00:00:00+00:00
reference-03-25,0,29.43010103289344,2026-01-12T00:00:00+00:00
reference-03-26,0,51.569653608099784,2026-01-12T00:00:00+00:00
reference-03-27,0,59.96671550342663,2026-01-12T00:00:00+00:00
reference-03-28,0,50.08850554160741,2026-01-12T00:00:00+00:00
reference-03-29,0,47.415919756364175,2026-01-12T00:00:00+00:00
reference-03-30,0,23.191785444448474,2026-01-12T00:00:00+00:00
reference-03-31,0,51.115095761529936,2026-01-12T00:00:00+00:00
reference-03-32,0,52.28262847664327,2026-01-12T00:00:00+00:00
reference-03-33,0,47.84381589961115,2026-01-12T00:00:00+00:00
reference-03-34,0,26.575776688037184,2026-01-12T00:00:00+00:00
reference-03-35,0,27.7272893922026,2026-01-12T00:00:00+00:00
reference-03-36,0,67.81276617872004,2026-01-12T00:00:00+00:00
reference-03-37,0,23.35311937638103,2026-01-12T00:00:00+00:00
reference-03-38,0,30.698968192070545,2026-01-12T00:00:00+00:00
reference-03-39,0,18.36641178242644,2026-01-12T00:00:00+00:00
reference-04-00,0,35.55307431254042,2026-01-13T00:00:00+00:00
reference-04-01,0,17.67237406885082,2026-01-13T00:00:00+00:00
reference-04-02,0,22.70988175294825,2026-01-13T00:00:00+00:00
reference-04-03,0,52.12872148726607,2026-01-13T00:00:00+00:00
reference-04-04,0,41.53539876104637,2026-01-13T00:00:00+00:00
reference-04-05,0,40.19633523982105,2026-01-13T00:00:00+00:00
reference-04-06,0,33.0714459843826,2026-01-13T00:00:00+00:00
reference-04-07,0,22.028694827099685,2026-01-13T00:00:00+00:00
reference-04-08,0,23.062030094305413,2026-01-13T00:00:00+00:00
reference-04-09,0,38.55688927313163,2026-01-13T00:00:00+00:00
reference-04-10,0,37.9408628345868,2026-01-13T00:00:00+00:00
reference-04-11,0,35.213747469479,2026-01-13T00:00:00+00:00
reference-04-12,0,45.15891745782042,2026-01-13T00:00:00+00:00
reference-04-13,0,47.95503463339189,2026-01-13T00:00:00+00:00
reference-04-14,0,67.8585562600124,2026-01-13T00:00:00+00:00
reference-04-15,0,70.9734655415146,2026-01-13T00:00:00+00:00
reference-04-16,0,39.96811324190703,2026-01-13T00:00:00+00:00
reference-04-17,0,22.52009198032666,2026-01-13T00:00:00+00:00
reference-04-18,0,10.842961917043532,2026-01-13T00:00:00+00:00
reference-04-19,0,47.106474590469006,2026-01-13T00:00:00+00:00
reference-04-20,0,25.463215590349535,2026-01-13T00:00:00+00:00
reference-04-21,0,57.73651832886309,2026-01-13T00:00:00+00:00
reference-04-22,0,30.56378960498577,2026-01-13T00:00:00+00:00
reference-04-23,0,41.79316277799882,2026-01-13T00:00:00+00:00
reference-04-24,0,23.288433163883724,2026-01-13T00:00:00+00:00
reference-04-25,0,45.98950460506342,2026-01-13T00:00:00+00:00
reference-04-26,0,48.28497423591437,2026-01-13T00:00:00+00:00
reference-04-27,0,45.025419286093815,2026-01-13T00:00:00+00:00
reference-04-28,0,55.303319522986776,2026-01-13T00:00:00+00:00
reference-04-29,0,58.182277836471734,2026-01-13T00:00:00+00:00
reference-04-30,0,12.188545586826748,2026-01-13T00:00:00+00:00
reference-04-31,0,49.730173361289246,2026-01-13T00:00:00+00:00
reference-04-32,0,39.150497302454916,2026-01-13T00:00:00+00:00
reference-04-33,0,25.71462058602532,2026-01-13T00:00:00+00:00
reference-04-34,0,48.30384607653549,2026-01-13T00:00:00+00:00
reference-04-35,0,44.45596426507554,2026-01-13T00:00:00+00:00
reference-04-36,0,30.569501966629762,2026-01-13T00:00:00+00:00
reference-04-37,0,24.343428961663836,2026-01-13T00:00:00+00:00
reference-04-38,0,50.97989388685951,2026-01-13T00:00:00+00:00
reference-04-39,0,22.212051193576347,2026-01-13T00:00:00+00:00
reference-05-00,0,23.78079469179484,2026-01-14T00:00:00+00:00
reference-05-01,0,25.74969940872726,2026-01-14T00:00:00+00:00
reference-05-02,0,36.85896607185869,2026-01-14T00:00:00+00:00
reference-05-03,0,61.797334001085616,2026-01-14T00:00:00+00:00
reference-05-04,0,56.71259116830516,2026-01-14T00:00:00+00:00
reference-05-05,0,15.71193762574619,2026-01-14T00:00:00+00:00
reference-05-06,0,46.23199255366338,2026-01-14T00:00:00+00:00
reference-05-07,0,25.494771119728792,2026-01-14T00:00:00+00:00
reference-05-08,0,54.55688586396601,2026-01-14T00:00:00+00:00
reference-05-09,0,13.402012719124581,2026-01-14T00:00:00+00:00
reference-05-10,0,65.97879865270458,2026-01-14T00:00:00+00:00
reference-05-11,0,17.985866887556586,2026-01-14T00:00:00+00:00
reference-05-12,0,57.521375430539244,2026-01-14T00:00:00+00:00
reference-05-13,0,54.375522594206075,2026-01-14T00:00:00+00:00
reference-05-14,0,27.110957802211157,2026-01-14T00:00:00+00:00
reference-05-15,0,43.28927601196384,2026-01-14T00:00:00+00:00
reference-05-16,0,50.11600323703734,2026-01-14T00:00:00+00:00
reference-05-17,0,28.358189208181194,2026-01-14T00:00:00+00:00
reference-05-18,0,13.008937067159845,2026-01-14T00:00:00+00:00
reference-05-19,0,54.159205972678976,2026-01-14T00:00:00+00:00
reference-05-20,0,50.94912279929423,2026-01-14T00:00:00+00:00
reference-05-21,0,51.19942295144318,2026-01-14T00:00:00+00:00
reference-05-22,0,48.98094549708577,2026-01-14T00:00:00+00:00
reference-05-23,0,38.943908262564086,2026-01-14T00:00:00+00:00
reference-05-24,0,23.548352434024793,2026-01-14T00:00:00+00:00
reference-05-25,0,34.98075984875746,2026-01-14T00:00:00+00:00
reference-05-26,0,33.447742321631054,2026-01-14T00:00:00+00:00
reference-05-27,0,42.71286448806234,2026-01-14T00:00:00+00:00
reference-05-28,0,41.005374315694496,2026-01-14T00:00:00+00:00
reference-05-29,0,42.128190869417914,2026-01-14T00:00:00+00:00
reference-05-30,0,56.3120799100093,2026-01-14T00:00:00+00:00
reference-05-31,0,23.930134876780148,2026-01-14T00:00:00+00:00
reference-05-32,0,41.644157878157486,2026-01-14T00:00:00+00:00
reference-05-33,0,23.990051483622217,2026-01-14T00:00:00+00:00
reference-05-34,0,47.74839777800432,2026-01-14T00:00:00+00:00
reference-05-35,0,33.48019704906597,2026-01-14T00:00:00+00:00
reference-05-36,0,31.107756702942183,2026-01-14T00:00:00+00:00
reference-05-37,0,26.741800951122972,2026-01-14T00:00:00+00:00
reference-05-38,0,37.91462659479922,2026-01-14T00:00:00+00:00
reference-05-39,0,28.932318672848627,2026-01-14T00:00:00+00:00
reference-06-00,0,18.183687128637903,2026-01-15T00:00:00+00:00
reference-06-01,0,62.72212541285276,2026-01-15T00:00:00+00:00
reference-06-02,0,50.63462118662737,2026-01-15T00:00:00+00:00
reference-06-03,0,23.00363893410742,2026-01-15T00:00:00+00:00
reference-06-04,0,41.662424232764316,2026-01-15T00:00:00+00:00
reference-06-05,0,43.59285982722605,2026-01-15T00:00:00+00:00
reference-06-06,0,66.54785109872832,2026-01-15T00:00:00+00:00
reference-06-07,0,35.624185206793236,2026-01-15T00:00:00+00:00
reference-06-08,0,35.19529111712263,2026-01-15T00:00:00+00:00
reference-06-09,0,53.558928205440985,2026-01-15T00:00:00+00:00
reference-06-10,0,44.30249718022916,2026-01-15T00:00:00+00:00
reference-06-11,0,51.84079841240729,2026-01-15T00:00:00+00:00
reference-06-12,0,30.76482093923055,2026-01-15T00:00:00+00:00
reference-06-13,0,26.727818739722498,2026-01-15T00:00:00+00:00
reference-06-14,0,22.3461000621849,2026-01-15T00:00:00+00:00
reference-06-15,0,29.704753040228784,2026-01-15T00:00:00+00:00
reference-06-16,0,23.511113179737492,2026-01-15T00:00:00+00:00
reference-06-17,0,54.389082512422405,2026-01-15T00:00:00+00:00
reference-06-18,0,44.983920344073,2026-01-15T00:00:00+00:00
reference-06-19,0,54.54581491754022,2026-01-15T00:00:00+00:00
reference-06-20,0,69.0670535166895,2026-01-15T00:00:00+00:00
reference-06-21,0,45.662159936011456,2026-01-15T00:00:00+00:00
reference-06-22,0,28.446690895185164,2026-01-15T00:00:00+00:00
reference-06-23,0,40.263703184989325,2026-01-15T00:00:00+00:00
reference-06-24,0,52.559408364902694,2026-01-15T00:00:00+00:00
reference-06-25,0,36.61876919879297,2026-01-15T00:00:00+00:00
reference-06-26,0,43.32637579175197,2026-01-15T00:00:00+00:00
reference-06-27,0,46.65275039800006,2026-01-15T00:00:00+00:00
reference-06-28,0,37.320246362259596,2026-01-15T00:00:00+00:00
reference-06-29,0,53.10647480392187,2026-01-15T00:00:00+00:00
reference-06-30,0,55.97732591268302,2026-01-15T00:00:00+00:00
reference-06-31,0,56.062912422384414,2026-01-15T00:00:00+00:00
reference-06-32,0,35.62666234661743,2026-01-15T00:00:00+00:00
reference-06-33,0,28.938314768328794,2026-01-15T00:00:00+00:00
reference-06-34,0,24.661582170795807,2026-01-15T00:00:00+00:00
reference-06-35,0,25.613891615972292,2026-01-15T00:00:00+00:00
reference-06-36,0,53.3344512360031,2026-01-15T00:00:00+00:00
reference-06-37,0,44.71997617065287,2026-01-15T00:00:00+00:00
reference-06-38,0,65.02558665268185,2026-01-15T00:00:00+00:00
reference-06-39,0,46.17862594999511,2026-01-15T00:00:00+00:00
reference-07-00,0,31.67072114416981,2026-01-16T00:00:00+00:00
reference-07-01,0,50.83721297260582,2026-01-16T00:00:00+00:00
reference-07-02,0,30.391408873260186,2026-01-16T00:00:00+00:00
reference-07-03,0,20.503770333738718,2026-01-16T00:00:00+00:00
reference-07-04,0,41.993575579970816,2026-01-16T00:00:00+00:00
reference-07-05,0,50.21587266084521,2026-01-16T00:00:00+00:00
reference-07-06,0,42.6368728568394,2026-01-16T00:00:00+00:00
reference-07-07,0,54.89238119054527,2026-01-16T00:00:00+00:00
reference-07-08,0,59.85089401721302,2026-01-16T00:00:00+00:00
reference-07-09,0,59.657387025136615,2026-01-16T00:00:00+00:00
reference-07-10,0,22.428033213676486,2026-01-16T00:00:00+00:00
reference-07-11,0,41.22676977162271,2026-01-16T00:00:00+00:00
reference-07-12,0,64.08361599147983,2026-01-16T00:00:00+00:00
reference-07-13,0,41.75391662093605,2026-01-16T00:00:00+00:00
reference-07-14,0,30.386205464606174,2026-01-16T00:00:00+00:00
reference-07-15,0,57.560042819137415,2026-01-16T00:00:00+00:00
reference-07-16,0,55.97676945219046,2026-01-16T00:00:00+00:00
reference-07-17,0,41.113400706758554,2026-01-16T00:00:00+00:00
reference-07-18,0,49.859121127758954,2026-01-16T00:00:00+00:00
reference-07-19,0,32.693276038162594,2026-01-16T00:00:00+00:00
reference-07-20,0,56.63992188251097,2026-01-16T00:00:00+00:00
reference-07-21,0,69.10842400118098,2026-01-16T00:00:00+00:00
reference-07-22,0,35.57397180101236,2026-01-16T00:00:00+00:00
reference-07-23,0,65.36603488233838,2026-01-16T00:00:00+00:00
reference-07-24,0,21.88268368699848,2026-01-16T00:00:00+00:00
reference-07-25,0,61.828526506964046,2026-01-16T00:00:00+00:00
reference-07-26,0,31.61365293246103,2026-01-16T00:00:00+00:00
reference-07-27,0,17.640440074372474,2026-01-16T00:00:00+00:00
reference-07-28,0,39.36881309991042,2026-01-16T00:00:00+00:00
reference-07-29,0,15.792794484807649,2026-01-16T00:00:00+00:00
reference-07-30,0,53.36152960299649,2026-01-16T00:00:00+00:00
reference-07-31,0,29.131872420393833,2026-01-16T00:00:00+00:00
reference-07-32,0,56.311344612870265,2026-01-16T00:00:00+00:00
reference-07-33,0,59.59057486276665,2026-01-16T00:00:00+00:00
reference-07-34,0,21.164859249815994,2026-01-16T00:00:00+00:00
reference-07-35,0,31.32904914440493,2026-01-16T00:00:00+00:00
reference-07-36,0,24.960154158483245,2026-01-16T00:00:00+00:00
reference-07-37,0,30.780369880063823,2026-01-16T00:00:00+00:00
reference-07-38,0,35.61270965059115,2026-01-16T00:00:00+00:00
reference-07-39,0,40.8611832045272,2026-01-16T00:00:00+00:00
reference-08-00,0,47.27980937841713,2026-01-17T00:00:00+00:00
reference-08-01,0,37.905110236217624,2026-01-17T00:00:00+00:00
reference-08-02,0,24.44606270512896,2026-01-17T00:00:00+00:00
reference-08-03,0,50.778529693059326,2026-01-17T00:00:00+00:00
reference-08-04,0,39.246211114687476,2026-01-17T00:00:00+00:00
reference-08-05,0,57.657799242213976,2026-01-17T00:00:00+00:00
reference-08-06,0,31.982893988746152,2026-01-17T00:00:00+00:00
reference-08-07,0,44.3386557088081,2026-01-17T00:00:00+00:00
reference-08-08,0,40.606924509552954,2026-01-17T00:00:00+00:00
reference-08-09,0,25.439456959288204,2026-01-17T00:00:00+00:00
reference-08-10,0,16.10109552960931,2026-01-17T00:00:00+00:00
reference-08-11,0,28.870981447261574,2026-01-17T00:00:00+00:00
reference-08-12,0,54.06302321575718,2026-01-17T00:00:00+00:00
reference-08-13,0,46.66399116971141,2026-01-17T00:00:00+00:00
reference-08-14,0,56.45514566638115,2026-01-17T00:00:00+00:00
reference-08-15,0,32.33858654337864,2026-01-17T00:00:00+00:00
reference-08-16,0,22.849229693701243,2026-01-17T00:00:00+00:00
reference-08-17,0,22.371095390575018,2026-01-17T00:00:00+00:00
reference-08-18,0,53.02599385052636,2026-01-17T00:00:00+00:00
reference-08-19,0,63.87546475926371,2026-01-17T00:00:00+00:00
reference-08-20,0,44.186772231394734,2026-01-17T00:00:00+00:00
reference-08-21,0,57.659036622539894,2026-01-17T00:00:00+00:00
reference-08-22,0,23.44863590448088,2026-01-17T00:00:00+00:00
reference-08-23,0,50.66405885730238,2026-01-17T00:00:00+00:00
reference-08-24,0,61.97104317605549,2026-01-17T00:00:00+00:00
reference-08-25,0,39.99047326148677,2026-01-17T00:00:00+00:00
reference-08-26,0,25.490635577031465,2026-01-17T00:00:00+00:00
reference-08-27,0,41.44755561225958,2026-01-17T00:00:00+00:00
reference-08-28,0,33.72673605782149,2026-01-17T00:00:00+00:00
reference-08-29,0,51.570330405692864,2026-01-17T00:00:00+00:00
reference-08-30,0,35.25234399676883,2026-01-17T00:00:00+00:00
reference-08-31,0,67.27837063287748,2026-01-17T00:00:00+00:00
reference-08-32,0,54.16209002445662,2026-01-17T00:00:00+00:00
reference-08-33,0,45.23425299520276,2026-01-17T00:00:00+00:00
reference-08-34,0,50.244500802716296,2026-01-17T00:00:00+00:00
reference-08-35,0,44.04348750389451,2026-01-17T00:00:00+00:00
reference-08-36,0,39.327706723086806,2026-01-17T00:00:00+00:00
reference-08-37,0,47.58755563983892,2026-01-17T00:00:00+00:00
reference-08-38,0,62.90026574742953,2026-01-17T00:00:00+00:00
reference-08-39,0,52.855032072081436,2026-01-17T00:00:00+00:00
reference-09-00,0,64.51306270278847,2026-01-18T00:00:00+00:00
reference-09-01,0,41.538872410971095,2026-01-18T00:00:00+00:00
reference-09-02,0,35.777139116769604,2026-01-18T00:00:00+00:00
reference-09-03,0,35.2320855811097,2026-01-18T00:00:00+00:00
reference-09-04,0,31.839664710818955,2026-01-18T00:00:00+00:00
reference-09-05,0,49.44513527261122,2026-01-18T00:00:00+00:00
reference-09-06,0,55.10105211928319,2026-01-18T00:00:00+00:00
reference-09-07,0,57.95183029255099,2026-01-18T00:00:00+00:00
reference-09-08,0,47.19535656104804,2026-01-18T00:00:00+00:00
reference-09-09,0,50.44325609107181,2026-01-18T00:00:00+00:00
reference-09-10,0,68.57101348794116,2026-01-18T00:00:00+00:00
reference-09-11,0,61.03777286342606,2026-01-18T00:00:00+00:00
reference-09-12,0,32.96082394158327,2026-01-18T00:00:00+00:00
reference-09-13,0,29.82706316912435,2026-01-18T00:00:00+00:00
reference-09-14,0,51.4035750733331,2026-01-18T00:00:00+00:00
reference-09-15,0,20.786913670149747,2026-01-18T00:00:00+00:00
reference-09-16,0,51.14891305021882,2026-01-18T00:00:00+00:00
reference-09-17,0,17.834872633904084,2026-01-18T00:00:00+00:00
reference-09-18,0,51.50856409989405,2026-01-18T00:00:00+00:00
reference-09-19,0,55.74346658127334,2026-01-18T00:00:00+00:00
reference-09-20,0,64.43325718338157,2026-01-18T00:00:00+00:00
reference-09-21,0,41.25840871821648,2026-01-18T00:00:00+00:00
reference-09-22,0,27.926766181260223,2026-01-18T00:00:00+00:00
reference-09-23,0,23.909379739864985,2026-01-18T00:00:00+00:00
reference-09-24,0,24.947266278838853,2026-01-18T00:00:00+00:00
reference-09-25,0,30.488481267625495,2026-01-18T00:00:00+00:00
reference-09-26,0,32.8774878676573,2026-01-18T00:00:00+00:00
reference-09-27,0,35.11421702984029,2026-01-18T00:00:00+00:00
reference-09-28,0,44.634328572599074,2026-01-18T00:00:00+00:00
reference-09-29,0,43.26750795184623,2026-01-18T00:00:00+00:00
reference-09-30,0,20.694551780892493,2026-01-18T00:00:00+00:00
reference-09-31,0,29.336519068116214,2026-01-18T00:00:00+00:00
reference-09-32,0,26.534423212892612,2026-01-18T00:00:00+00:00
reference-09-33,0,26.13235476772169,2026-01-18T00:00:00+00:00
reference-09-34,0,47.73346760922289,2026-01-18T00:00:00+00:00
reference-09-35,0,14.391575106990924,2026-01-18T00:00:00+00:00
reference-09-36,0,44.203760769938526,2026-01-18T00:00:00+00:00
reference-09-37,0,62.71162460232263,2026-01-18T00:00:00+00:00
reference-09-38,0,28.217774334072747,2026-01-18T00:00:00+00:00
reference-09-39,0,23.84701862584037,2026-01-18T00:00:00+00:00
reference-10-00,0,62.174101020598854,2026-01-19T00:00:00+00:00
reference-10-01,0,47.2476513833132,2026-01-19T00:00:00+00:00
reference-10-02,0,15.831892340043474,2026-01-19T00:00:00+00:00
reference-10-03,0,33.029013454572855,2026-01-19T00:00:00+00:00
reference-10-04,0,34.22951946596413,2026-01-19T00:00:00+00:00
reference-10-05,0,41.56350117821258,2026-01-19T00:00:00+00:00
reference-10-06,0,24.640921288916026,2026-01-19T00:00:00+00:00
reference-10-07,0,30.79135215622096,2026-01-19T00:00:00+00:00
reference-10-08,0,21.97800729914004,2026-01-19T00:00:00+00:00
reference-10-09,0,66.38668848344919,2026-01-19T00:00:00+00:00
reference-10-10,0,35.64490612393999,2026-01-19T00:00:00+00:00
reference-10-11,0,55.75569604762191,2026-01-19T00:00:00+00:00
reference-10-12,0,39.06940330069399,2026-01-19T00:00:00+00:00
reference-10-13,0,75.76820704291062,2026-01-19T00:00:00+00:00
reference-10-14,0,58.27963816741121,2026-01-19T00:00:00+00:00
reference-10-15,0,31.458478539262384,2026-01-19T00:00:00+00:00
reference-10-16,0,44.03316157760399,2026-01-19T00:00:00+00:00
reference-10-17,0,24.855928352198557,2026-01-19T00:00:00+00:00
reference-10-18,0,59.749048194680775,2026-01-19T00:00:00+00:00
reference-10-19,0,56.053801406938575,2026-01-19T00:00:00+00:00
reference-10-20,0,22.828846860141702,2026-01-19T00:00:00+00:00
reference-10-21,0,55.14660571932266,2026-01-19T00:00:00+00:00
reference-10-22,0,50.22350489926782,2026-01-19T00:00:00+00:00
reference-10-23,0,23.03791312792777,2026-01-19T00:00:00+00:00
reference-10-24,0,46.269278870812556,2026-01-19T00:00:00+00:00
reference-10-25,0,36.067304701916164,2026-01-19T00:00:00+00:00
reference-10-26,0,48.23717458764101,2026-01-19T00:00:00+00:00
reference-10-27,0,61.612973390789136,2026-01-19T00:00:00+00:00
reference-10-28,0,30.044418457505163,2026-01-19T00:00:00+00:00
reference-10-29,0,43.488377623459876,2026-01-19T00:00:00+00:00
reference-10-30,0,23.144610969828605,2026-01-19T00:00:00+00:00
reference-10-31,0,55.22250990821864,2026-01-19T00:00:00+00:00
reference-10-32,0,24.185942379821093,2026-01-19T00:00:00+00:00
reference-10-33,0,15.005703419626618,2026-01-19T00:00:00+00:00
reference-10-34,0,55.4140691723412,2026-01-19T00:00:00+00:00
reference-10-35,0,57.66684575813486,2026-01-19T00:00:00+00:00
reference-10-36,0,44.82428638232836,2026-01-19T00:00:00+00:00
reference-10-37,0,29.03749130737765,2026-01-19T00:00:00+00:00
reference-10-38,0,41.696474677606915,2026-01-19T00:00:00+00:00
reference-10-39,0,58.37946318051269,2026-01-19T00:00:00+00:00
reference-11-00,0,53.519289837242304,2026-01-20T00:00:00+00:00
reference-11-01,0,52.49801396534218,2026-01-20T00:00:00+00:00
reference-11-02,0,25.95357243631617,2026-01-20T00:00:00+00:00
reference-11-03,0,58.35181491336237,2026-01-20T00:00:00+00:00
reference-11-04,0,14.516752853990367,2026-01-20T00:00:00+00:00
reference-11-05,0,29.716103928300047,2026-01-20T00:00:00+00:00
reference-11-06,0,21.084147384396708,2026-01-20T00:00:00+00:00
reference-11-07,0,52.861137933146765,2026-01-20T00:00:00+00:00
reference-11-08,0,48.51457911200051,2026-01-20T00:00:00+00:00
reference-11-09,0,39.78075429154973,2026-01-20T00:00:00+00:00
reference-11-10,0,37.4193114013573,2026-01-20T00:00:00+00:00
reference-11-11,0,17.438086281291906,2026-01-20T00:00:00+00:00
reference-11-12,0,49.06916797911009,2026-01-20T00:00:00+00:00
reference-11-13,0,32.162031553963324,2026-01-20T00:00:00+00:00
reference-11-14,0,26.68622082155302,2026-01-20T00:00:00+00:00
reference-11-15,0,36.7197632000256,2026-01-20T00:00:00+00:00
reference-11-16,0,33.520189740654075,2026-01-20T00:00:00+00:00
reference-11-17,0,18.63273521815121,2026-01-20T00:00:00+00:00
reference-11-18,0,50.80340034687966,2026-01-20T00:00:00+00:00
reference-11-19,0,71.27415860248168,2026-01-20T00:00:00+00:00
reference-11-20,0,43.469615896930016,2026-01-20T00:00:00+00:00
reference-11-21,0,19.382049288809085,2026-01-20T00:00:00+00:00
reference-11-22,0,26.941262707221526,2026-01-20T00:00:00+00:00
reference-11-23,0,26.188426714858892,2026-01-20T00:00:00+00:00
reference-11-24,0,50.54080235499384,2026-01-20T00:00:00+00:00
reference-11-25,0,53.74217630540655,2026-01-20T00:00:00+00:00
reference-11-26,0,66.37355930736838,2026-01-20T00:00:00+00:00
reference-11-27,0,58.39534624429532,2026-01-20T00:00:00+00:00
reference-11-28,0,32.23114287393009,2026-01-20T00:00:00+00:00
reference-11-29,0,34.24774978366118,2026-01-20T00:00:00+00:00
reference-11-30,0,55.824039900929236,2026-01-20T00:00:00+00:00
reference-11-31,0,51.22582699720161,2026-01-20T00:00:00+00:00
reference-11-32,0,31.873141487756754,2026-01-20T00:00:00+00:00
reference-11-33,0,52.542496564535114,2026-01-20T00:00:00+00:00
reference-11-34,0,30.76921119437615,2026-01-20T00:00:00+00:00
reference-11-35,0,62.42652777349599,2026-01-20T00:00:00+00:00
reference-11-36,0,42.57602118769941,2026-01-20T00:00:00+00:00
reference-11-37,0,26.062504869324044,2026-01-20T00:00:00+00:00
reference-11-38,0,33.08642916665569,2026-01-20T00:00:00+00:00
reference-11-39,0,40.70239251106474,2026-01-20T00:00:00+00:00
reference-12-00,0,52.380096523663305,2026-01-21T00:00:00+00:00
reference-12-01,0,36.97035281948501,2026-01-21T00:00:00+00:00
reference-12-02,0,60.28134142071516,2026-01-21T00:00:00+00:00
reference-12-03,0,48.68867880815893,2026-01-21T00:00:00+00:00
reference-12-04,0,22.590753236976756,2026-01-21T00:00:00+00:00
reference-12-05,0,13.766357057309571,2026-01-21T00:00:00+00:00
reference-12-06,0,21.880493187819937,2026-01-21T00:00:00+00:00
reference-12-07,0,62.538388912378586,2026-01-21T00:00:00+00:00
reference-12-08,0,54.11329525066927,2026-01-21T00:00:00+00:00
reference-12-09,0,17.21130031375934,2026-01-21T00:00:00+00:00
reference-12-10,0,25.640263427733238,2026-01-21T00:00:00+00:00
reference-12-11,0,62.88639023821308,2026-01-21T00:00:00+00:00
reference-12-12,0,40.007626596143275,2026-01-21T00:00:00+00:00
reference-12-13,0,39.99091280481321,2026-01-21T00:00:00+00:00
reference-12-14,0,58.34569463268432,2026-01-21T00:00:00+00:00
reference-12-15,0,14.383255465364318,2026-01-21T00:00:00+00:00
reference-12-16,0,58.78794506959024,2026-01-21T00:00:00+00:00
reference-12-17,0,50.20052556491441,2026-01-21T00:00:00+00:00
reference-12-18,0,21.148854660731374,2026-01-21T00:00:00+00:00
reference-12-19,0,63.74465511758833,2026-01-21T00:00:00+00:00
reference-12-20,0,50.763938920828636,2026-01-21T00:00:00+00:00
reference-12-21,0,25.120447418285504,2026-01-21T00:00:00+00:00
reference-12-22,0,61.874798813952836,2026-01-21T00:00:00+00:00
reference-12-23,0,46.81492839365754,2026-01-21T00:00:00+00:00
reference-12-24,0,40.92320411053665,2026-01-21T00:00:00+00:00
reference-12-25,0,57.34738524801441,2026-01-21T00:00:00+00:00
reference-12-26,0,58.84533236350017,2026-01-21T00:00:00+00:00
reference-12-27,0,21.860421320480313,2026-01-21T00:00:00+00:00
reference-12-28,0,20.664316738844487,2026-01-21T00:00:00+00:00
reference-12-29,0,50.503930818300105,2026-01-21T00:00:00+00:00
reference-12-30,0,59.38739200675366,2026-01-21T00:00:00+00:00
reference-12-31,0,53.81069462213185,2026-01-21T00:00:00+00:00
reference-12-32,0,37.97508945938668,2026-01-21T00:00:00+00:00
reference-12-33,0,55.76197786836389,2026-01-21T00:00:00+00:00
reference-12-34,0,57.89870150760013,2026-01-21T00:00:00+00:00
reference-12-35,0,72.62492894707779,2026-01-21T00:00:00+00:00
reference-12-36,0,28.03727693975943,2026-01-21T00:00:00+00:00
reference-12-37,0,30.172212016922526,2026-01-21T00:00:00+00:00
reference-12-38,0,64.28630784954498,2026-01-21T00:00:00+00:00
reference-12-39,0,42.84115117787189,2026-01-21T00:00:00+00:00
reference-13-00,0,45.92966612196526,2026-01-22T00:00:00+00:00
reference-13-01,0,40.51111474530044,2026-01-22T00:00:00+00:00
reference-13-02,0,52.814807026698915,2026-01-22T00:00:00+00:00
reference-13-03,0,20.92784639130502,2026-01-22T00:00:00+00:00
reference-13-04,0,58.7584718110452,2026-01-22T00:00:00+00:00
reference-13-05,0,28.392962932271917,2026-01-22T00:00:00+00:00
reference-13-06,0,47.936352523617614,2026-01-22T00:00:00+00:00
reference-13-07,0,44.4012278409482,2026-01-22T00:00:00+00:00
reference-13-08,0,62.33392542984215,2026-01-22T00:00:00+00:00
reference-13-09,0,36.38169602274691,2026-01-22T00:00:00+00:00
reference-13-10,0,51.60955029187807,2026-01-22T00:00:00+00:00
reference-13-11,0,25.398624970221803,2026-01-22T00:00:00+00:00
reference-13-12,0,30.80225620434394,2026-01-22T00:00:00+00:00
reference-13-13,0,62.927777071662504,2026-01-22T00:00:00+00:00
reference-13-14,0,34.95545469618678,2026-01-22T00:00:00+00:00
reference-13-15,0,72.7765448262425,2026-01-22T00:00:00+00:00
reference-13-16,0,46.51333014178171,2026-01-22T00:00:00+00:00
reference-13-17,0,34.816744415653034,2026-01-22T00:00:00+00:00
reference-13-18,0,61.127007010720256,2026-01-22T00:00:00+00:00
reference-13-19,0,29.397770975060997,2026-01-22T00:00:00+00:00
reference-13-20,0,44.12808258262381,2026-01-22T00:00:00+00:00
reference-13-21,0,43.963133689279985,2026-01-22T00:00:00+00:00
reference-13-22,0,58.94337735755252,2026-01-22T00:00:00+00:00
reference-13-23,0,35.885131044970436,2026-01-22T00:00:00+00:00
reference-13-24,0,29.315607375613606,2026-01-22T00:00:00+00:00
reference-13-25,0,72.87875235819992,2026-01-22T00:00:00+00:00
reference-13-26,0,39.86074360391742,2026-01-22T00:00:00+00:00
reference-13-27,0,18.29669089559057,2026-01-22T00:00:00+00:00
reference-13-28,0,34.85978490479323,2026-01-22T00:00:00+00:00
reference-13-29,0,47.421520929271985,2026-01-22T00:00:00+00:00
reference-13-30,0,10.735790609513916,2026-01-22T00:00:00+00:00
reference-13-31,0,36.951851379078526,2026-01-22T00:00:00+00:00
reference-13-32,0,34.08266937826541,2026-01-22T00:00:00+00:00
reference-13-33,0,29.004004969490044,2026-01-22T00:00:00+00:00
reference-13-34,0,47.25614306896186,2026-01-22T00:00:00+00:00
reference-13-35,0,43.58540680914958,2026-01-22T00:00:00+00:00
reference-13-36,0,33.199550038494976,2026-01-22T00:00:00+00:00
reference-13-37,0,39.89626963646787,2026-01-22T00:00:00+00:00
reference-13-38,0,47.097747887041734,2026-01-22T00:00:00+00:00
reference-13-39,0,31.622307725221383,2026-01-22T00:00:00+00:00
